[
  {
    "condition": {
      "typeReachable": "com.zaxxer.hikari.util.ConcurrentBag"
    },
    "name": "[Lcom.zaxxer.hikari.util.ConcurrentBag$IConcurrentBagEntry;"
  },
  {
    "condition": {
      "typeReachable": "com.zaxxer.hikari.pool.PoolEntry"
    },
    "name": "[Ljava.sql.Statement;"
  },
  {
    "condition": {
      "typeReachable": "com.zaxxer.hikari.util.FastList"
    },
    "name": "[Ljava.sql.Statement;"
  },
  {
    "condition": {
      "typeReachable": "com.zaxxer.hikari.HikariConfig"
    },
    "name": "com.zaxxer.hikari.HikariConfig",
    "allDeclaredFields": true,
    "queryAllPublicMethods": true,
    "methods": [
      {
        "name": "setAutoCommit",
        "parameterTypes": [
          "boolean"
        ]
      },
      {
        "name": "setConnectionTestQuery",
        "parameterTypes": [
          "java.lang.String"
        ]
      },
      {
        "name": "setDataSourceClassName",
        "parameterTypes": [
          "java.lang.String"
        ]
      },
      {
        "name": "setMinimumIdle",
        "parameterTypes": [
          "int"
        ]
      }
    ]
  },
  {
    "condition": {
      "typeReachable": "com.zaxxer.hikari.HikariJNDIFactory"
    },
    "name": "com.zaxxer.hikari.HikariConfig",
    "queryAllPublicMethods": true,
    "methods": [
      {
        "name": "setDataSourceJNDI",
        "parameterTypes": [
          "java.lang.String"
        ]
      },
      {
        "name": "setDriverClassName",
        "parameterTypes": [
          "java.lang.String"
        ]
      },
      {
        "name": "setJdbcUrl",
        "parameterTypes": [
          "java.lang.String"
        ]
      },
      {
        "name": "setMaxLifetime",
        "parameterTypes": [
          "long"
        ]
      },
      {
        "name": "setMaximumPoolSize",
        "parameterTypes": [
          "int"
        ]
      },
      {
        "name": "setPassword",
        "parameterTypes": [
          "java.lang.String"
        ]
      },
      {
        "name": "setUsername",
        "parameterTypes": [
          "java.lang.String"
        ]
      }
    ]
  },
  {
    "condition": {
      "typeReachable": "com.zaxxer.hikari.hibernate.HikariConfigurationUtil"
    },
    "name": "com.zaxxer.hikari.HikariConfig",
    "queryAllPublicMethods": true,
    "methods": [
      {
        "name": "setAutoCommit",
        "parameterTypes": [
          "boolean"
        ]
      },
      {
        "name": "setConnectionTestQuery",
        "parameterTypes": [
          "java.lang.String"
        ]
      },
      {
        "name": "setDataSourceClassName",
        "parameterTypes": [
          "java.lang.String"
        ]
      }
    ]
  },
  {
    "condition": {
      "typeReachable": "com.zaxxer.hikari.util.PropertyElf"
    },
    "name": "com.zaxxer.hikari.HikariConfig",
    "methods": [
      {
        "name": "getCatalog",
        "parameterTypes": []
      },
      {
        "name": "getConnectionInitSql",
        "parameterTypes": []
      },
      {
        "name": "getConnectionTestQuery",
        "parameterTypes": []
      },
      {
        "name": "getConnectionTimeout",
        "parameterTypes": []
      },
      {
        "name": "getDataSource",
        "parameterTypes": []
      },
      {
        "name": "getDataSourceClassName",
        "parameterTypes": []
      },
      {
        "name": "getDataSourceJNDI",
        "parameterTypes": []
      },
      {
        "name": "getDataSourceProperties",
        "parameterTypes": []
      },
      {
        "name": "getDriverClassName",
        "parameterTypes": []
      },
      {
        "name": "getHealthCheckProperties",
        "parameterTypes": []
      },
      {
        "name": "getHealthCheckRegistry",
        "parameterTypes": []
      },
      {
        "name": "getIdleTimeout",
        "parameterTypes": []
      },
      {
        "name": "getJdbcUrl",
        "parameterTypes": []
      },
      {
        "name": "getLeakDetectionThreshold",
        "parameterTypes": []
      },
      {
        "name": "getMaxLifetime",
        "parameterTypes": []
      },
      {
        "name": "getMaximumPoolSize",
        "parameterTypes": []
      },
      {
        "name": "getMetricRegistry",
        "parameterTypes": []
      },
      {
        "name": "getMetricsTrackerFactory",
        "parameterTypes": []
      },
      {
        "name": "getMinimumIdle",
        "parameterTypes": []
      },
      {
        "name": "getPassword",
        "parameterTypes": []
      },
      {
        "name": "getPoolName",
        "parameterTypes": []
      },
      {
        "name": "getScheduledExecutorService",
        "parameterTypes": []
      },
      {
        "name": "getThreadFactory",
        "parameterTypes": []
      },
      {
        "name": "getTransactionIsolation",
        "parameterTypes": []
      },
      {
        "name": "getUsername",
        "parameterTypes": []
      },
      {
        "name": "getValidationTimeout",
        "parameterTypes": []
      },
      {
        "name": "isAllowPoolSuspension",
        "parameterTypes": []
      },
      {
        "name": "isAutoCommit",
        "parameterTypes": []
      },
      {
        "name": "isInitializationFailFast",
        "parameterTypes": []
      },
      {
        "name": "isIsolateInternalQueries",
        "parameterTypes": []
      },
      {
        "name": "isJdbc4ConnectionTest",
        "parameterTypes": []
      },
      {
        "name": "isReadOnly",
        "parameterTypes": []
      },
      {
        "name": "isRegisterMbeans",
        "parameterTypes": []
      }
    ],
    "queriedMethods": [
      {
        "name": "setAllowPoolSuspension",
        "parameterTypes": [
          "boolean"
        ]
      },
      {
        "name": "setAutoCommit",
        "parameterTypes": [
          "boolean"
        ]
      },
      {
        "name": "setCatalog",
        "parameterTypes": [
          "java.lang.String"
        ]
      },
      {
        "name": "setConnectionInitSql",
        "parameterTypes": [
          "java.lang.String"
        ]
      },
      {
        "name": "setConnectionTestQuery",
        "parameterTypes": [
          "java.lang.String"
        ]
      },
      {
        "name": "setConnectionTimeout",
        "parameterTypes": [
          "long"
        ]
      },
      {
        "name": "setDataSource",
        "parameterTypes": [
          "javax.sql.DataSource"
        ]
      },
      {
        "name": "setDataSourceClassName",
        "parameterTypes": [
          "java.lang.String"
        ]
      },
      {
        "name": "setDataSourceJNDI",
        "parameterTypes": [
          "java.lang.String"
        ]
      },
      {
        "name": "setDataSourceProperties",
        "parameterTypes": [
          "java.util.Properties"
        ]
      },
      {
        "name": "setDriverClassName",
        "parameterTypes": [
          "java.lang.String"
        ]
      },
      {
        "name": "setHealthCheckProperties",
        "parameterTypes": [
          "java.util.Properties"
        ]
      },
      {
        "name": "setHealthCheckRegistry",
        "parameterTypes": [
          "java.lang.Object"
        ]
      },
      {
        "name": "setIdleTimeout",
        "parameterTypes": [
          "long"
        ]
      },
      {
        "name": "setInitializationFailFast",
        "parameterTypes": [
          "boolean"
        ]
      },
      {
        "name": "setIsolateInternalQueries",
        "parameterTypes": [
          "boolean"
        ]
      },
      {
        "name": "setJdbc4ConnectionTest",
        "parameterTypes": [
          "boolean"
        ]
      },
      {
        "name": "setJdbcUrl",
        "parameterTypes": [
          "java.lang.String"
        ]
      },
      {
        "name": "setLeakDetectionThreshold",
        "parameterTypes": [
          "long"
        ]
      },
      {
        "name": "setMaxLifetime",
        "parameterTypes": [
          "long"
        ]
      },
      {
        "name": "setMaximumPoolSize",
        "parameterTypes": [
          "int"
        ]
      },
      {
        "name": "setMetricRegistry",
        "parameterTypes": [
          "java.lang.Object"
        ]
      },
      {
        "name": "setMetricsTrackerFactory",
        "parameterTypes": [
          "com.zaxxer.hikari.metrics.MetricsTrackerFactory"
        ]
      },
      {
        "name": "setMinimumIdle",
        "parameterTypes": [
          "int"
        ]
      },
      {
        "name": "setPassword",
        "parameterTypes": [
          "java.lang.String"
        ]
      },
      {
        "name": "setPoolName",
        "parameterTypes": [
          "java.lang.String"
        ]
      },
      {
        "name": "setReadOnly",
        "parameterTypes": [
          "boolean"
        ]
      },
      {
        "name": "setRegisterMbeans",
        "parameterTypes": [
          "boolean"
        ]
      },
      {
        "name": "setScheduledExecutorService",
        "parameterTypes": [
          "java.util.concurrent.ScheduledThreadPoolExecutor"
        ]
      },
      {
        "name": "setThreadFactory",
        "parameterTypes": [
          "java.util.concurrent.ThreadFactory"
        ]
      },
      {
        "name": "setTransactionIsolation",
        "parameterTypes": [
          "java.lang.String"
        ]
      },
      {
        "name": "setUsername",
        "parameterTypes": [
          "java.lang.String"
        ]
      },
      {
        "name": "setValidationTimeout",
        "parameterTypes": [
          "long"
        ]
      }
    ]
  },
  {
    "condition": {
      "typeReachable": "com.zaxxer.hikari.util.UtilityElf"
    },
    "name": "java.sql.Connection",
    "fields": []
  },
  {
    "condition": {
      "typeReachable": "com.zaxxer.hikari.util.Sequence$Factory"
    },
    "name": "java.util.concurrent.atomic.LongAdder"
  }
]
